{
      "pose": {
        "pose": {
          "position": {
            "y": 0.03895369567403196,
            "x": 1.2871726089509445,
            "z": 0.11007446106674308
          },
          "orientation": {
            "y": 0.003933555037221323,
            "x": -0.007652124516010302,
            "z": -0.3542472815115871,
            "w": 0.9351122048592945
          }
        }
  }
}